{"cameraMode":{"drawMode":0,"name":"Shaded","section":"Shading Mode"},"sceneLighting":true,"audioPlay":false,"sceneViewState":{"m_AlwaysRefresh":false,"showFog":true,"showSkybox":true,"showFlares":true,"showImageEffects":true,"showParticleSystems":true,"showVisualEffectGraphs":true,"m_FxEnabled":true},"in2DMode":false,"pivot":{"x":42.063926696777347,"y":37.937740325927737,"z":224.0904083251953},"rotation":{"x":0.11680327355861664,"y":-0.4791249632835388,"z":0.06447023153305054,"w":0.8675855994224548},"size":163.84857177734376,"orthographic":false}