{"cameraMode":{"drawMode":0,"name":"Shaded","section":"Shading Mode"},"sceneLighting":true,"audioPlay":false,"sceneViewState":{"m_AlwaysRefresh":false,"showFog":true,"showSkybox":true,"showFlares":true,"showImageEffects":true,"showParticleSystems":true,"showVisualEffectGraphs":true,"m_FxEnabled":true},"in2DMode":false,"pivot":{"x":72.45951843261719,"y":18.533205032348634,"z":112.51962280273438},"rotation":{"x":0.017469622194767,"y":0.9800189137458801,"z":-0.17106665670871736,"w":0.10030534118413925},"size":20.377002716064454,"orthographic":false}