{"cameraMode":{"drawMode":0,"name":"Shaded","section":"Shading Mode"},"sceneLighting":true,"audioPlay":false,"sceneViewState":{"m_AlwaysRefresh":false,"showFog":true,"showSkybox":true,"showFlares":true,"showImageEffects":true,"showParticleSystems":true,"showVisualEffectGraphs":true,"m_FxEnabled":true},"in2DMode":false,"pivot":{"x":61.056392669677737,"y":57.334049224853519,"z":21.467243194580079},"rotation":{"x":-0.011649980209767819,"y":0.7277861833572388,"z":-0.01211948599666357,"w":-0.6856834888458252},"size":11.60820484161377,"orthographic":false}